id,comment_id,issue,created_at,updated_at
2,437,"This is a test","2026-01-10 13:32:13","2026-01-10 13:32:13"
3,326,"this is atest","2026-01-11 19:37:15","2026-01-11 19:37:15"
6,3172,Test,"2026-01-12 09:01:26","2026-01-12 09:01:26"
7,6340,Test,"2026-01-12 09:07:41","2026-01-12 09:07:41"
8,6340,Test,"2026-01-12 09:07:45","2026-01-12 09:07:45"
10,1297,"Make external guarantor a priority","2026-01-12 13:28:29","2026-01-12 13:28:29"
11,2336,"Group Ok","2026-01-12 13:34:21","2026-01-12 13:34:21"
12,3012,"No issue was raised but congratulated Bimas for the good services","2026-01-12 13:44:53","2026-01-12 13:44:53"
13,1008,"They did not recieve dust coats and bags","2026-01-12 13:45:44","2026-01-12 13:45:44"
14,6180,"There was a question on whether Bimas would one day become a Bank which I answered","2026-01-12 13:49:43","2026-01-12 13:49:43"
15,7344,"Membees were not informex of savings net off","2026-01-12 13:50:41","2026-01-12 13:50:41"
16,7344,"Membees were not informex of savings net off","2026-01-12 13:50:43","2026-01-12 13:50:43"
17,9348,"The members were not sure of the next move after the netting off .I assured them that we have big plans for them and that they are very important arm of Bimas.","2026-01-12 13:57:06","2026-01-12 13:57:06"
18,80497,"Members requested a longer period for loan repayments. The office has been insisting on 6 months.","2026-01-12 14:21:09","2026-01-12 14:21:09"
22,5403,None,"2026-01-12 15:18:35","2026-01-12 15:18:35"
23,8571,"Concern on how the co-guarantee system will work.","2026-01-12 15:22:35","2026-01-12 15:22:35"
24,8571,"Had planned to exit","2026-01-12 15:22:36","2026-01-12 15:22:36"
25,11739,"Never got dividends  on their savings.","2026-01-12 15:27:01","2026-01-12 15:27:01"
27,14907,None,"2026-01-12 15:29:16","2026-01-12 15:29:16"
28,57,"two new client to be registered next meeting","2026-01-12 15:45:08","2026-01-13 07:03:45"
29,67824,"Group worried of the additional security for project loan.","2026-01-12 17:32:09","2026-01-12 17:32:09"
30,74160,"Group is unhappy with being forced to clear rider loan before getting Msingi top up","2026-01-12 17:35:22","2026-01-12 17:35:22"
31,9527,"The refund of savings to the clients who had no loans","2026-01-12 17:42:36","2026-01-12 17:42:36"
32,31703,"requested  for saving refund first to be sent before we disburse the loan","2026-01-12 17:44:32","2026-01-12 17:44:32"
36,47543,"Require savings to be refund before the apply loans for the clients requesting loans","2026-01-12 18:03:04","2026-01-12 18:03:04"
37,2552,"None - very satisfied with BKL service delivery.","2026-01-12 18:44:24","2026-01-12 18:44:24"
38,2640,"No issue  raised","2026-01-12 19:36:24","2026-01-12 19:59:04"
39,2640,"Ni issues","2026-01-12 19:36:25","2026-01-12 19:59:45"
40,2378,"No issue raised","2026-01-12 19:58:12","2026-01-12 19:58:12"
41,2619,"No issue raised","2026-01-12 19:58:17","2026-01-12 19:58:17"
42,5808,"Why  not have then licence of a sacco as they want to save","2026-01-12 20:01:07","2026-01-12 20:01:07"
43,5546,"Why not collecting savings","2026-01-12 20:02:38","2026-01-12 20:02:38"
44,8976,"Why the savings has taken  long for an action to be taken","2026-01-12 20:02:44","2026-01-12 20:02:44"
45,2524,"The difference between mfi and Bank.","2026-01-12 20:03:16","2026-01-12 20:03:16"
46,12144,None,"2026-01-12 20:04:09","2026-01-15 16:03:03"
47,8714,None,"2026-01-12 20:04:22","2026-01-12 20:04:22"
48,5692,"How business Will continue without savings","2026-01-12 20:05:37","2026-01-12 20:05:37"
49,15312,"Some members don't have emails address  and also how to access on the cyber  as some documents are private","2026-01-12 20:06:28","2026-01-12 20:06:28"
50,15312,"Some proposed  to be hard  copy","2026-01-12 20:06:29","2026-01-12 20:06:29"
51,8860,"Importance of being regulated by CBK","2026-01-12 20:07:02","2026-01-12 20:07:02"
52,34320,"Okey with the net off","2026-01-12 20:08:05","2026-01-12 20:08:05"
53,12028,"Consequences of none compliance.","2026-01-12 20:08:30","2026-01-12 20:08:30"
54,37488,"No issue","2026-01-12 20:09:47","2026-01-12 20:09:47"
55,15196,"Cost of sharing statements which I explained that it will be free of charge.","2026-01-12 20:10:46","2026-01-12 20:10:46"
56,11882,"What will happens now that savings are no longer a collateral and how to determine the amount to fund new clients","2026-01-12 20:12:51","2026-01-12 20:12:51"
57,37372,None,"2026-01-12 20:14:53","2026-01-12 20:14:53"
58,40540,None,"2026-01-12 20:15:41","2026-01-12 20:15:41"
59,15050,"The members wanted to know the need for emails requested","2026-01-12 20:17:12","2026-01-12 20:17:12"
60,43708,None,"2026-01-12 20:17:18","2026-01-12 20:17:18"
61,46876,None,"2026-01-12 20:17:48","2026-01-12 20:17:48"
62,50044,"None.Geoffrey and Miriam savings to be refunded in 6 months.","2026-01-12 20:20:29","2026-01-12 20:20:29"
63,34058,"Members wanted to know their current balances after the netoff and also the reason as to why the savings were not refunded to them directly as they have been paying their loans well.","2026-01-12 20:20:53","2026-01-12 20:20:53"
64,53212,None,"2026-01-12 20:23:01","2026-01-12 20:23:01"
65,56380,None,"2026-01-12 20:23:43","2026-01-12 20:23:43"
66,37226,"The clients wanted to know whether they can hold payments for a while as they wait the savings net off to be depleted.","2026-01-12 20:24:46","2026-01-13 08:20:46"
67,59548,"None since awareness was already created by the branch team","2026-01-12 20:25:45","2026-01-12 20:25:45"
68,59548,"None since awareness was already created by the branch team","2026-01-12 20:25:53","2026-01-12 20:25:53"
69,59548,"None since awareness was already created by the branch team","2026-01-12 20:26:06","2026-01-12 20:26:06"
70,62716,"If BKL can manage the group saving accounts which I categorically said no to","2026-01-12 20:28:26","2026-01-12 20:28:26"
71,40394,"No issues raised","2026-01-12 20:28:29","2026-01-12 20:28:29"
72,2325,"Okay with the explanation","2026-01-12 20:29:26","2026-01-12 20:29:26"
73,43562,"No issues raised","2026-01-12 20:29:50","2026-01-12 20:29:50"
74,65884,"None as you can't graduate a member who struggled to pay their loan.","2026-01-12 20:30:45","2026-01-12 20:30:45"
75,5493,"None though were jittery after net off that we would cease funding","2026-01-12 20:31:23","2026-01-12 20:31:23"
76,46730,"What's the ratio of contribution between the guarantor and the group members in case of default","2026-01-12 20:32:25","2026-01-12 20:32:25"
77,8661,"Okay with the explantion","2026-01-12 20:33:00","2026-01-12 20:33:00"
78,69052,None,"2026-01-12 20:33:07","2026-01-12 20:33:07"
79,49898,"No issues raised","2026-01-12 20:33:15","2026-01-12 20:33:15"
80,75388,None,"2026-01-12 20:35:54","2026-01-12 20:35:54"
81,53066,"The members wanted to be sure that their savings paid their loans and requested for loan balances for comparison","2026-01-12 20:36:13","2026-01-12 20:36:13"
82,11829,"okay with eexplanation","2026-01-12 20:36:13","2026-01-12 20:36:13"
83,78556,None,"2026-01-12 20:37:23","2026-01-12 20:37:23"
84,14997,"ok apart from noted concern","2026-01-12 20:37:31","2026-01-12 20:37:31"
85,56234,"No issues raised","2026-01-12 20:37:44","2026-01-12 20:37:44"
86,34005,"what happens now that there are no savings - will loaning continue?","2026-01-12 20:39:17","2026-01-12 20:39:17"
87,81724,"No immediate need of loan but by Feb.","2026-01-12 20:39:56","2026-01-12 20:39:56"
88,37173,"Agreed to reach out to the 2 during week and do followup on Monday failute to which the arrears of Ksh18,000 will be subdivided amongst themselves","2026-01-12 20:41:57","2026-01-12 20:41:57"
89,59402,"The course of action in case of default","2026-01-12 20:42:06","2026-01-12 20:42:06"
90,84892,None,"2026-01-12 20:42:19","2026-01-12 20:42:19"
91,40341,"Need officer support to follow-up the 2 clients","2026-01-12 20:43:20","2026-01-12 20:43:20"
92,88060,Appreciated,"2026-01-12 20:43:37","2026-01-12 20:43:37"
93,43509,none,"2026-01-12 20:44:14","2026-01-12 20:44:14"
94,62570,"Why attend the group with nothing to hold unto when there are no loans to repay nor savings to contribute.","2026-01-12 20:44:48","2026-01-12 20:44:48"
95,46677,none,"2026-01-12 20:45:04","2026-01-12 20:45:04"
96,91228,"Although many had an idea majority don't do it.","2026-01-12 20:45:08","2026-01-12 20:45:08"
97,49845,"those with savings and no loans - 2 members who were present urged if this can be done earlier thus why we settled on followups by 19th","2026-01-12 20:46:45","2026-01-12 20:46:45"
98,65738,"How do you determine one's repayment history","2026-01-12 20:47:50","2026-01-12 20:47:50"
99,94396,"Well appreciated.","2026-01-12 20:48:01","2026-01-12 20:48:01"
100,53013,"members okay","2026-01-12 20:49:30","2026-01-12 20:49:30"
101,97564,None,"2026-01-12 20:49:52","2026-01-12 20:49:52"
102,56181,ok,"2026-01-12 20:49:58","2026-01-12 20:49:58"
103,68906,"How to deal with default cases","2026-01-12 20:50:36","2026-01-13 06:42:41"
104,68906,"How to go about default cases.","2026-01-12 20:50:45","2026-01-12 20:50:45"
105,68906,"How to go about default cases.","2026-01-12 20:50:55","2026-01-12 20:50:55"
106,68906,"How to go about default cases.","2026-01-12 20:51:03","2026-01-12 20:51:03"
107,59349,Okay,"2026-01-12 20:51:08","2026-01-12 20:51:08"
108,68906,"How to go about default cases.","2026-01-12 20:51:11","2026-01-12 20:51:11"
109,68906,"How to go about default cases.","2026-01-12 20:51:21","2026-01-12 20:51:21"
110,68906,"How to go about default cases.","2026-01-12 20:51:28","2026-01-12 20:51:28"
111,68906,"How to go about default cases.","2026-01-12 20:51:34","2026-01-12 20:51:34"
112,68906,"How to go about default cases.","2026-01-12 20:51:49","2026-01-12 20:51:49"
113,100732,"Well appreciated.None.","2026-01-12 20:51:55","2026-01-12 20:51:55"
114,68906,"How to go about default cases.","2026-01-12 20:52:01","2026-01-12 20:52:01"
115,68906,"How to go about default cases.","2026-01-12 20:52:18","2026-01-12 20:52:18"
116,68906,"How to go about default cases.","2026-01-12 20:52:29","2026-01-12 20:52:29"
117,103900,None,"2026-01-12 20:53:03","2026-01-12 20:53:03"
118,62517,"fear that members may just take loans and leave..emphasized on need for thorough vetting and appraisals","2026-01-12 20:55:10","2026-01-12 20:55:10"
119,65685,"Okay with the arrangement","2026-01-12 20:55:54","2026-01-12 20:55:54"
120,107068,"They were very happy that we will Nolonger charge them 2,500.","2026-01-12 20:56:36","2026-01-12 20:56:36"
121,110236,None,"2026-01-12 20:57:37","2026-01-12 20:57:37"
122,68853,"if they will be required to provide different items for each member guaranteed. explained will use what they have/own","2026-01-12 20:58:06","2026-01-12 20:58:06"
123,72021,"Group Okay","2026-01-12 20:59:01","2026-01-12 20:59:01"
124,113404,"Short repayment period was a constant concern in majority of the members.","2026-01-12 20:59:08","2026-01-12 20:59:08"
125,116572,None,"2026-01-12 21:00:01","2026-01-12 21:00:01"
126,75189,"they be supported in following up the 2 defaulters so as to apply loan soonest","2026-01-12 21:00:18","2026-01-12 21:00:18"
127,78357,none,"2026-01-12 21:00:39","2026-01-12 21:00:39"
128,81525,"3 LAFS to be given out on Monday 19th","2026-01-12 21:02:29","2026-01-12 21:02:29"
129,84693,None,"2026-01-12 21:03:17","2026-01-12 21:03:17"
130,87861,Okay,"2026-01-12 21:03:52","2026-01-12 21:03:52"
131,91029,"Agreed to be doing before loan application to gauge need","2026-01-12 21:04:28","2026-01-12 21:04:28"
132,94197,"None was raised","2026-01-12 21:04:53","2026-01-12 21:04:53"
133,97365,"No issue was raised","2026-01-12 21:05:34","2026-01-12 21:05:34"
134,100533,"Agreed to avoid as they have already seen even from others what over indebtedness has done","2026-01-12 21:06:43","2026-01-12 21:06:43"
135,103701,"None was raised","2026-01-12 21:07:34","2026-01-12 21:07:34"
136,106869,"They didn't want it claiming to never have need for the same","2026-01-12 21:09:35","2026-01-12 21:09:35"
137,110037,"None saying the officer been able to handle all their issues","2026-01-12 21:10:16","2026-01-12 21:10:16"
138,113205,"No major issue apart  from not wanting HOSI cash","2026-01-12 21:12:05","2026-01-12 21:12:05"
139,116373,"none raised","2026-01-12 21:17:20","2026-01-12 21:17:20"
140,2581,"No issue raised","2026-01-12 21:32:48","2026-01-12 21:32:48"
141,5749,"No issue","2026-01-12 21:36:01","2026-01-12 21:36:01"
142,8917,"No issue","2026-01-12 21:38:10","2026-01-12 21:38:10"
143,12516,"No issue was raised","2026-01-12 21:38:40","2026-01-12 21:38:40"
144,15684,"No issue  was raised","2026-01-12 21:39:23","2026-01-12 21:39:23"
145,12085,"No issue","2026-01-12 21:40:24","2026-01-12 21:40:24"
146,12085,"No issue","2026-01-12 21:40:31","2026-01-12 21:40:31"
147,15253,"Some  have no emails  and proposed to be printed hard copy","2026-01-12 21:41:40","2026-01-12 21:41:40"
148,34692,"Members wanted to know why they were not involved when the process was starting of which it was because we were to visit the group and give the information buy a word of mouth","2026-01-12 21:42:23","2026-01-12 21:42:23"
149,37860,"They wanted to wait until the prepayment is over","2026-01-12 21:44:37","2026-01-12 21:44:37"
150,34261,"Some members will be taking low amounts  due to issue of securities","2026-01-12 21:46:22","2026-01-12 21:46:22"
151,34261,"Some  said the savings were for use in future  not to pay loan","2026-01-12 21:46:22","2026-01-12 21:46:22"
152,34261,"2 members are not traceable and concerns where there savings will go","2026-01-12 21:46:24","2026-01-12 21:46:24"
153,34261,"Some members will be taking low amounts  due to issue of securities","2026-01-12 21:46:24","2026-01-12 21:46:24"
154,34261,"Some Felt that they could have been consulted before netting g off","2026-01-12 21:46:24","2026-01-12 21:46:24"
155,34261,"Some  said the savings were for use in future  not to pay loan","2026-01-12 21:46:24","2026-01-12 21:46:24"
156,34261,"2 members are not traceable and concerns where there savings will go","2026-01-12 21:46:25","2026-01-12 21:46:25"
157,34261,"Some Felt that they could have been consulted before netting g off","2026-01-12 21:46:26","2026-01-12 21:46:26"
158,44196,"No issue was raised","2026-01-12 21:46:30","2026-01-12 21:46:30"
159,37429,"No issue","2026-01-12 21:47:46","2026-01-12 21:47:46"
160,50532,"Some requested for their savings and we gave the refund forms","2026-01-12 21:48:30","2026-01-12 21:48:30"
161,53700,"No issue was raised","2026-01-12 21:49:35","2026-01-12 21:49:35"
162,43765,"Why pay loan and have no arrears","2026-01-12 21:50:01","2026-01-12 21:50:01"
163,43765,"Why was interest not reduced  after net off as the period had not erapsed","2026-01-12 21:50:01","2026-01-12 21:50:01"
164,56868,"Most clients were asking the amount that was used to pay their loans which we gave","2026-01-12 21:50:51","2026-01-12 21:50:51"
165,46933,"How long will the savings refund take?","2026-01-12 21:52:20","2026-01-12 21:52:20"
166,60036,"The group reiterated on the importance of giving loans according to one's ability","2026-01-12 21:52:41","2026-01-12 21:52:41"
167,50101,"Waiting  eagerly  for the savings refunds","2026-01-12 21:53:13","2026-01-12 21:53:13"
168,63204,"Members agreed to better the kitty.","2026-01-12 21:54:37","2026-01-12 21:54:37"
169,66372,"Members had no issue with this","2026-01-12 21:56:58","2026-01-12 21:56:58"
170,69540,"Did not have an issue with this.","2026-01-12 21:58:13","2026-01-12 21:58:13"
171,72708,"Members agreed to buy the idea","2026-01-12 21:59:33","2026-01-12 21:59:33"
172,75876,"The clients were not aware of the next steps Bimas would take after the net off.","2026-01-12 22:00:58","2026-01-12 22:00:58"
173,79044,"Members were convinced that the savings was the only sure way to know how much to lend to a member","2026-01-12 22:02:43","2026-01-12 22:02:43"
174,82212,"No issue was raised","2026-01-12 22:03:36","2026-01-12 22:03:36"
175,85380,"The clients requested we give them time so that they can discuss with their spouses","2026-01-12 22:05:44","2026-01-12 22:05:44"
176,88548,"Members appreciated the training","2026-01-12 22:06:15","2026-01-12 22:06:15"
177,107556,"The clients welcomed the change","2026-01-12 22:09:01","2026-01-12 22:09:01"
178,3016,"Promised to add more youth in the group.","2026-01-12 22:31:43","2026-01-12 22:31:43"
179,6184,"No issue that came up","2026-01-12 22:33:10","2026-01-12 22:33:10"
180,9352,"No issue","2026-01-12 22:33:56","2026-01-12 22:33:56"
181,12520,"The members were waiting for the way forward","2026-01-12 22:35:18","2026-01-12 22:35:18"
182,15688,"This did not have any question","2026-01-12 22:36:43","2026-01-12 22:36:43"
183,34696,"There was a question of the remaining and the people with savings and no laons","2026-01-12 22:38:29","2026-01-12 22:38:29"
184,37864,"No questions arose","2026-01-12 22:39:28","2026-01-12 22:39:28"
185,50536,"Members with savings wanted to get their savings back soonest possible","2026-01-12 22:42:20","2026-01-12 22:42:20"
186,53704,"No issue came after giving the balances","2026-01-12 22:43:37","2026-01-12 22:43:37"
187,56872,"The clients appreciated the exercise","2026-01-12 22:44:37","2026-01-12 22:44:37"
188,63208,"No issues came up","2026-01-12 22:46:54","2026-01-12 22:46:54"
189,66376,"Members felt the repayment period is short thus increasing the instalments and thus requested it remains as was before","2026-01-12 22:48:35","2026-01-12 22:48:35"
190,75880,"No issue came up as they had been informed previously","2026-01-12 22:52:13","2026-01-12 22:52:13"
191,79048,"No issue raised","2026-01-12 22:53:33","2026-01-12 22:53:33"
192,82216,"The client wanted to be allowed to clear the loan","2026-01-12 22:54:40","2026-01-12 22:54:40"
193,94888,"Clients felt like they had not enough to track as their income were small but iwe elaborated","2026-01-12 22:58:25","2026-01-12 22:58:25"
194,101224,"The mebers agreed this is happening and contributed a good percentage as to why many clients mostly women are running away from home","2026-01-12 23:00:39","2026-01-12 23:00:39"
195,107560,"The members were not for the idea even during it's inception","2026-01-12 23:02:07","2026-01-12 23:02:07"
196,2992,"The only fear was on the issue of dishonest members","2026-01-12 23:06:03","2026-01-12 23:06:03"
197,6160,"No issue that arose","2026-01-12 23:06:45","2026-01-12 23:06:45"
198,12496,"No question arose","2026-01-12 23:08:26","2026-01-12 23:08:26"
199,37840,"Members did not want to bring an external guarantors","2026-01-12 23:11:17","2026-01-12 23:11:17"
200,50512,"The clients wanted their savings back","2026-01-12 23:13:51","2026-01-12 23:13:51"
201,56848,"No issue came up","2026-01-12 23:15:25","2026-01-12 23:15:25"
202,75856,"Members cited the hard economic times as the reason for loan uptake","2026-01-12 23:19:59","2026-01-12 23:19:59"
203,85360,"The client requested for the savings first before borrowing","2026-01-12 23:22:23","2026-01-12 23:22:23"
204,107536,"The client felt the hosi cash as a burden and did not support the idea","2026-01-12 23:25:14","2026-01-12 23:25:14"
205,113872,"The group has a problem of meeting and each member pays her loan directly to Bimas some thing we discouraged","2026-01-12 23:27:03","2026-01-12 23:27:03"
206,116629,"Appreciated the visits and requested  for more visits by managers after every 2_ years  for trainings","2026-01-13 06:28:24","2026-01-13 06:28:24"
207,116629,"The group is over 22 yrs..can it be rewarded?","2026-01-13 06:28:24","2026-01-13 06:28:24"
208,116629,"Will interest change moving forward  as most members were at 22%","2026-01-13 06:28:24","2026-01-13 06:28:24"
209,116629,"1.what will happen to savings for the customers who are not reachable via mobiles","2026-01-13 06:28:25","2026-01-13 06:28:25"
210,3014,"No issue was raised","2026-01-13 06:33:00","2026-01-13 06:33:00"
211,6182,"No issue was raised","2026-01-13 06:35:11","2026-01-13 06:35:11"
212,12518,"Members appreciated the fact that we complied as they were waiting for this","2026-01-13 06:39:56","2026-01-13 06:39:56"
213,15686,"One member said this was okey as it was going to help them monitor their payments","2026-01-13 06:41:31","2026-01-13 06:41:31"
214,34694,"Members were happy to know their loans had been paid","2026-01-13 06:43:40","2026-01-13 06:43:40"
215,72336,"They had a welfare account  and the treasurers disappeared  with the money thus the group felss discouraged","2026-01-13 06:44:16","2026-01-13 06:44:16"
216,37862,"Members were prepared not to pay for the number of months the prepayments were to carry them but we advised accordingly","2026-01-13 06:45:57","2026-01-13 06:45:57"
217,72074,"No issue raised","2026-01-13 06:46:32","2026-01-13 06:46:32"
218,75242,"The members wanted to know whether they can withdraw savings and still get funded","2026-01-13 06:48:16","2026-01-13 06:48:16"
219,50534,"The members felt like we ought to have given them back their savings but we explained to them the floor was open to get a loan and have it deducted or withdraw.The chairperson encouraged the members to borrow.","2026-01-13 06:49:42","2026-01-13 06:49:42"
220,78410,"The issue of dividends for the year 2024","2026-01-13 06:50:14","2026-01-13 06:50:14"
221,53702,"No issues was raised","2026-01-13 06:50:30","2026-01-13 06:50:30"
222,81578,"No issue raised","2026-01-13 06:51:20","2026-01-13 06:51:20"
223,63206,"No issue was raised","2026-01-13 06:53:05","2026-01-13 06:53:05"
224,84746,"The issue was whether she could apply for her savings and a loan at a go","2026-01-13 06:54:09","2026-01-13 06:54:09"
225,66374,"The issue that arose was on the repayment period.They proposed if we can continue with the previous repayment periods","2026-01-13 06:55:19","2026-01-13 06:55:19"
226,87914,"No issue raised","2026-01-13 06:57:03","2026-01-13 06:57:03"
227,75878,"No issue came up","2026-01-13 06:57:38","2026-01-13 06:57:38"
228,91082,"No issue raised","2026-01-13 06:59:13","2026-01-13 06:59:13"
229,79046,"no issue was raised","2026-01-13 07:00:24","2026-01-13 07:00:24"
230,82214,"There was no issue was raised","2026-01-13 07:01:52","2026-01-13 07:01:52"
231,94250,"Some are not educated","2026-01-13 07:02:42","2026-01-13 07:02:42"
232,116688,"Sought  clarification  on one client  whose loans was paid by the group on how to treat  the remaining  savings or two the savings  will be refunded to members","2026-01-13 07:03:09","2026-01-13 07:03:09"
233,116688,"At the group meetings  members are never informed  on the clients in arrears  . They areno ly informed  when the lafs have been filled and submitted  thus felt the gap","2026-01-13 07:03:09","2026-01-13 07:03:09"
234,116688,"Delays in loan  processing","2026-01-13 07:03:10","2026-01-13 07:03:10"
235,85382,"There was a question on whether the members were going to be graduated to the next level which i answered","2026-01-13 07:03:14","2026-01-13 07:03:14"
236,97418,"No issue raised","2026-01-13 07:04:55","2026-01-13 07:04:55"
237,101222,"It was a pain point as many homes have lost their mothers especially on loans borrowed without the spouse's knowledge","2026-01-13 07:06:26","2026-01-13 07:06:26"
238,100586,"Can they have multiple funding in Bimas","2026-01-13 07:06:52","2026-01-13 07:06:52"
239,104390,"No issue came","2026-01-13 07:07:37","2026-01-13 07:07:37"
240,3225,"the issue  of the interest rate  was raised","2026-01-13 07:09:10","2026-01-13 07:09:10"
242,103754,"No issue raised","2026-01-13 07:09:49","2026-01-13 07:09:49"
243,107558,"Requested if we can cater for the funds without deducting from their loans","2026-01-13 07:09:55","2026-01-13 07:09:55"
244,110726,"No issue","2026-01-13 07:10:56","2026-01-13 07:10:56"
245,113894,"No issues came up","2026-01-13 07:11:42","2026-01-13 07:11:42"
246,106922,"The amount was too high and wanted it to be the members choice","2026-01-13 07:13:10","2026-01-13 07:13:10"
247,117062,"the issue of the difficult times we are living in came up.","2026-01-13 07:13:59","2026-01-13 07:13:59"
248,110090,"No issue raised","2026-01-13 07:14:08","2026-01-13 07:14:08"
249,113258,"No issue raised","2026-01-13 07:16:42","2026-01-13 07:16:42"
250,63417,"Harmonizing of the repayment frequency in the group","2026-01-13 07:28:06","2026-01-13 07:28:06"
251,2567,None,"2026-01-13 07:44:09","2026-01-13 07:44:09"
252,5735,"Group members appreciated our products","2026-01-13 07:47:38","2026-01-13 07:47:38"
253,8903,None,"2026-01-13 07:51:10","2026-01-13 07:51:10"
254,12071,None,"2026-01-13 07:52:39","2026-01-13 07:52:39"
255,113258,"No issue raised","2026-01-13 07:55:18","2026-01-13 07:55:18"
256,15239,"Why not have additional way of sharing the statements.","2026-01-13 07:55:45","2026-01-13 07:55:45"
257,34247,None,"2026-01-13 07:56:59","2026-01-13 07:56:59"
258,37415,None,"2026-01-13 07:57:59","2026-01-13 07:57:59"
259,40583,None,"2026-01-13 07:58:48","2026-01-13 07:58:48"
260,43751,None,"2026-01-13 08:00:14","2026-01-13 08:00:14"
261,46919,None,"2026-01-13 08:01:24","2026-01-13 08:01:24"
262,50087,"No issue as all were netted off.","2026-01-13 08:03:10","2026-01-13 08:03:10"
263,53255,"Co-guarantee since not savings","2026-01-13 08:05:07","2026-01-13 08:05:07"
264,56423,None,"2026-01-13 08:06:35","2026-01-13 08:06:35"
265,59591,"Chattels registration charges","2026-01-13 08:08:11","2026-01-13 08:08:11"
266,62759,None,"2026-01-13 08:10:10","2026-01-13 08:10:10"
267,65927,"Members were sceptical since problems arise due to among other things BKL inefficiencies but I explained that % will apply and we endeavour to be very efficient going forward.","2026-01-13 08:13:59","2026-01-13 08:13:59"
268,69095,None,"2026-01-13 08:15:50","2026-01-13 08:15:50"
269,72263,None,"2026-01-13 08:16:50","2026-01-13 08:16:50"
270,75431,None,"2026-01-13 08:17:44","2026-01-13 08:17:44"
271,78599,"Dividend issue","2026-01-13 08:18:43","2026-01-13 08:18:43"
272,81767,None,"2026-01-13 08:20:00","2026-01-13 08:20:00"
273,84935,None,"2026-01-13 08:20:19","2026-01-13 08:20:19"
274,72074,"No issue raised","2026-01-13 08:20:56","2026-01-13 08:20:56"
275,75242,"The members wanted to know whether they can withdraw savings and still get funded","2026-01-13 08:20:57","2026-01-13 08:20:57"
276,87914,"No issue raised","2026-01-13 08:20:57","2026-01-13 08:20:57"
277,91082,"No issue raised","2026-01-13 08:20:57","2026-01-13 08:20:57"
278,91082,"No issue raised","2026-01-13 08:20:58","2026-01-13 08:20:58"
279,91082,"No issue raised","2026-01-13 08:20:58","2026-01-13 08:20:58"
280,91082,"No issue raised","2026-01-13 08:20:58","2026-01-13 08:20:58"
281,97418,"No issue raised","2026-01-13 08:20:58","2026-01-13 08:20:58"
282,88103,None,"2026-01-13 08:21:04","2026-01-13 08:21:04"
283,103754,"No issue raised","2026-01-13 08:21:08","2026-01-13 08:21:08"
284,91271,None,"2026-01-13 08:21:59","2026-01-13 08:21:59"
285,2386,"No issue raised","2026-01-13 08:23:22","2026-01-13 08:23:22"
286,94439,None,"2026-01-13 08:23:42","2026-01-13 08:23:42"
287,97607,None,"2026-01-13 08:25:03","2026-01-13 08:25:03"
288,100775,None,"2026-01-13 08:26:10","2026-01-13 08:26:10"
289,5554,"No issue was raised","2026-01-13 08:26:18","2026-01-13 08:26:18"
290,103943,None,"2026-01-13 08:27:00","2026-01-13 08:27:00"
291,8722,"Who to call for complaints","2026-01-13 08:27:28","2026-01-13 08:27:28"
292,107111,"Appreciated the goodwill from BKL.","2026-01-13 08:28:37","2026-01-13 08:28:37"
293,110279,None,"2026-01-13 08:30:07","2026-01-13 08:30:07"
294,113447,None,"2026-01-13 08:30:36","2026-01-13 08:30:36"
295,116615,None,"2026-01-13 08:31:33","2026-01-13 08:31:33"
296,11890,"How to determine amount to fund and graduation to the next level","2026-01-13 08:34:44","2026-01-13 08:34:44"
297,15058,"No issue raised","2026-01-13 08:35:53","2026-01-13 08:35:53"
298,15058,"The need for emails requested","2026-01-13 08:36:23","2026-01-13 08:36:23"
299,34066,"Funding without savings and the members balances for loans and savings.","2026-01-13 08:39:24","2026-01-13 08:39:24"
300,2956,"No issue came up","2026-01-13 09:21:51","2026-01-13 09:21:51"
301,6124,"No issue","2026-01-13 09:22:54","2026-01-13 09:22:54"
302,9292,"There was no issue raised","2026-01-13 09:24:37","2026-01-13 09:24:37"
303,12460,"They raised the issue of not being involved when netting off","2026-01-13 09:26:31","2026-01-13 09:26:31"
304,15628,"No issue","2026-01-13 09:27:13","2026-01-13 09:27:13"
305,34636,"Members were very happy they are to get new loans","2026-01-13 09:28:40","2026-01-13 09:28:40"
306,37804,"The question was whether their loans completes earlier which i confirmed to them","2026-01-13 09:30:16","2026-01-13 09:30:16"
307,50476,"Only one member asked for the savings while the others were okey to continue borrowing","2026-01-13 09:32:42","2026-01-13 09:32:42"
308,53644,"No issue came up","2026-01-13 09:33:53","2026-01-13 09:33:53"
309,59980,"No issue","2026-01-13 09:35:27","2026-01-13 09:35:27"
310,3119,"How to get to up...how to get education loan...when the savings will be refunded....Savings documents to be concluded today...4 loans next week","2026-01-13 09:36:29","2026-01-13 09:36:29"
311,9455,"To refund savings...before loans are given","2026-01-13 09:37:46","2026-01-13 09:37:46"
312,12623,"Refund savings...minutes to be done today.","2026-01-13 09:38:25","2026-01-13 09:38:25"
313,66316,"The issue of taking the loan forms to the Chief  for stamping came up.The members complained that the chief was demanding a lot of money from them","2026-01-13 09:38:29","2026-01-13 09:38:29"
314,69484,"No issue came up","2026-01-13 09:39:15","2026-01-13 09:39:15"
315,41135,"What happens when a member defaults and no savings","2026-01-13 09:40:32","2026-01-13 09:40:32"
316,72652,"The only challenge they felt would deter them from doing it is dishonest amongst the members","2026-01-13 09:40:39","2026-01-13 09:40:39"
317,60143,"Co -guarantee  explained...members to go for  items and sell if loan defaulted","2026-01-13 09:45:36","2026-01-13 09:45:36"
318,75820,"They have taken it as a norm to receive gifts at the start of every year eg calenders dust coats and bags.Requested if they can the T-shirts","2026-01-13 09:45:50","2026-01-13 09:45:50"
319,60143,"Co -guarantee  explained...members to go for  items and sell if loan defaulted","2026-01-13 09:45:57","2026-01-13 09:45:57"
320,75820,"They have taken it as a norm to receive gifts at the start of every year eg calenders dust coats and bags.Requested if they can the T-shirts","2026-01-13 09:46:00","2026-01-13 09:46:00"
321,60143,"Co -guarantee  explained...members to go for  items and sell if loan defaulted","2026-01-13 09:46:12","2026-01-13 09:46:12"
322,60143,"Co -guarantee  explained...members to go for  items and sell if loan defaulted","2026-01-13 09:46:32","2026-01-13 09:46:32"
323,78988,"The members thought it would be difficult to know how to graduate clients but the dust settled after explaining the process","2026-01-13 09:47:37","2026-01-13 09:47:37"
324,69647,"Clients agreed they guarantee loans at 150%","2026-01-13 09:48:29","2026-01-13 09:48:29"
325,82156,"No issue came up","2026-01-13 09:48:45","2026-01-13 09:48:45"
326,85324,"No issue","2026-01-13 09:49:29","2026-01-13 09:49:29"
327,72815,"Some members did not want ...however  members agreed to have MRG","2026-01-13 09:52:24","2026-01-13 09:52:24"
328,101164,"Members appreciated the fact that multi borrowing has caused a lot of pain to many","2026-01-13 09:55:44","2026-01-13 09:55:44"
329,113836,"No issue was raised","2026-01-13 09:57:46","2026-01-13 09:57:46"
330,40402,"What's the role of the external guarantor","2026-01-13 10:16:45","2026-01-13 10:16:45"
331,43570,"No issue raised.","2026-01-13 10:18:06","2026-01-13 10:18:06"
332,46738,"How to enforce refund to clients from the guarantor","2026-01-13 10:20:59","2026-01-13 10:20:59"
333,49906,"How to recover their money in case of default","2026-01-13 10:21:48","2026-01-13 10:21:48"
334,53074,"Two members expressed interest for funding; one top-up and one fresh funding.","2026-01-13 10:23:41","2026-01-13 10:23:41"
335,56242,"Will funding be done without savings?","2026-01-13 10:28:09","2026-01-13 10:28:09"
336,59410,"The issue of graduation.","2026-01-13 10:29:49","2026-01-13 10:29:49"
337,62578,"Savings were important and consideration should have been done.","2026-01-13 10:31:14","2026-01-13 10:31:14"
338,65746,"Are securities not enough to determine graduation","2026-01-13 10:33:20","2026-01-13 10:33:20"
339,68914,"Is the chattel fee a replacement for laf","2026-01-13 10:35:49","2026-01-13 10:35:49"
340,72082,"How will the officer assist","2026-01-13 10:37:02","2026-01-13 10:37:02"
341,75250,"No issues raised","2026-01-13 10:38:45","2026-01-13 10:38:45"
342,78418,"How to refund those without loans","2026-01-13 10:42:14","2026-01-13 10:42:14"
343,81586,"Can I apply for a loan and still request for savings.","2026-01-13 10:43:57","2026-01-13 10:43:57"
344,84754,"How to measure commitment for new applicants","2026-01-13 10:45:03","2026-01-13 10:45:03"
345,87922,"No issue raised","2026-01-13 10:46:58","2026-01-13 10:46:58"
346,91090,"No issue raised.","2026-01-13 10:48:37","2026-01-13 10:48:37"
347,94258,"No issue raised","2026-01-13 10:50:50","2026-01-13 10:50:50"
348,97426,"suggestions for other small businesses","2026-01-13 10:52:10","2026-01-13 10:52:10"
349,100594,"Multiple funding in Bimas","2026-01-13 10:54:09","2026-01-13 10:54:09"
350,103762,"The was no issue raised,","2026-01-13 10:57:26","2026-01-13 10:57:26"
351,106930,"The premium charged was high","2026-01-13 10:59:43","2026-01-13 10:59:43"
352,110098,"No issue raised.","2026-01-13 11:00:33","2026-01-13 11:00:33"
353,113266,"No issue raised","2026-01-13 11:01:08","2026-01-13 11:01:08"
354,1562,"Need trainings back","2026-01-13 11:29:08","2026-01-13 11:29:08"
355,2569,"No issue raised","2026-01-13 11:32:36","2026-01-13 11:32:36"
356,8571,"Group felt we shd them informed them first though they undderstood","2026-01-13 11:33:01","2026-01-13 11:33:01"
357,8571,"Group felt we shd them informed them first though they undderstood","2026-01-13 11:34:54","2026-01-13 11:34:54"
358,8571,"Group felt we shd them informed them first though they undderstood","2026-01-13 11:34:54","2026-01-13 11:34:54"
359,8571,"Group felt we shd them informed them first though they undderstood","2026-01-13 11:34:54","2026-01-13 11:34:54"
360,8571,"Group felt we shd them informed them first though they undderstood","2026-01-13 11:34:55","2026-01-13 11:34:55"
361,5737,"We appreciated.","2026-01-13 11:35:49","2026-01-13 11:35:49"
362,33915,"Fear of default as savings played  a critical role","2026-01-13 11:38:19","2026-01-13 11:38:19"
363,33915,"Fear of default as savings played  a critical role","2026-01-13 11:38:24","2026-01-13 11:38:24"
364,33915,"Fear of default as savings played  a critical role","2026-01-13 11:39:34","2026-01-13 11:39:34"
365,46587,"Was wondering how such will be treated hence we're afraid of loss.","2026-01-13 11:42:11","2026-01-13 11:42:11"
366,52923,"Grp wanted to know the status before and after","2026-01-13 11:44:41","2026-01-13 11:44:41"
367,8905,None,"2026-01-13 11:46:48","2026-01-13 11:46:48"
368,59259,"Dissatisfaction why they shd pledge securities for one another","2026-01-13 11:47:05","2026-01-13 11:47:05"
369,62427,"Felt the burden is bigger.","2026-01-13 11:47:12","2026-01-13 11:47:12"
370,12073,"No issue raised","2026-01-13 11:48:24","2026-01-13 11:48:24"
371,15241,"No issue raised","2026-01-13 11:50:54","2026-01-13 11:50:54"
372,34249,"No issue raised","2026-01-13 11:58:50","2026-01-13 11:58:50"
373,37417,"Group raised no issue.","2026-01-13 12:06:10","2026-01-13 12:06:10"
374,40585,"No issue raised","2026-01-13 12:07:44","2026-01-13 12:07:44"
375,43753,"No issue raised","2026-01-13 12:09:12","2026-01-13 12:09:12"
376,50089,"No issue raised.","2026-01-13 12:11:21","2026-01-13 12:11:21"
377,53257,"No issue raised.","2026-01-13 12:14:35","2026-01-13 12:14:35"
378,15058,"The need for emails requested","2026-01-13 12:14:44","2026-01-13 12:14:44"
379,34066,"Funding without savings and the members balances for loans and savings.","2026-01-13 12:14:45","2026-01-13 12:14:45"
380,34066,"Funding without savings and the members balances for loans and savings.","2026-01-13 12:14:46","2026-01-13 12:14:46"
381,40402,"What's the role of the external guarantor","2026-01-13 12:14:47","2026-01-13 12:14:47"
382,46738,"How to enforce refund to clients from the guarantor","2026-01-13 12:14:47","2026-01-13 12:14:47"
383,46738,"How to enforce refund to clients from the guarantor","2026-01-13 12:14:48","2026-01-13 12:14:48"
384,49906,"How to recover their money in case of default","2026-01-13 12:14:48","2026-01-13 12:14:48"
385,53074,"Two members expressed interest for funding; one top-up and one fresh funding.","2026-01-13 12:14:48","2026-01-13 12:14:48"
386,56242,"Will funding be done without savings?","2026-01-13 12:14:49","2026-01-13 12:14:49"
387,62578,"Savings were important and consideration should have been done.","2026-01-13 12:14:50","2026-01-13 12:14:50"
388,62578,"Savings were important and consideration should have been done.","2026-01-13 12:14:50","2026-01-13 12:14:50"
389,65746,"Are securities not enough to determine graduation","2026-01-13 12:14:50","2026-01-13 12:14:50"
390,68914,"Is the chattel fee a replacement for laf","2026-01-13 12:14:51","2026-01-13 12:14:51"
391,68914,"Is the chattel fee a replacement for laf","2026-01-13 12:14:51","2026-01-13 12:14:51"
392,72082,"How will the officer assist","2026-01-13 12:14:51","2026-01-13 12:14:51"
393,78418,"How to refund those without loans","2026-01-13 12:14:52","2026-01-13 12:14:52"
394,78418,"How to refund those without loans","2026-01-13 12:14:52","2026-01-13 12:14:52"
395,81586,"Can I apply for a loan and still request for savings.","2026-01-13 12:14:52","2026-01-13 12:14:52"
396,87922,"No issue raised","2026-01-13 12:14:52","2026-01-13 12:14:52"
397,87922,"No issue raised","2026-01-13 12:14:53","2026-01-13 12:14:53"
398,94258,"No issue raised","2026-01-13 12:14:53","2026-01-13 12:14:53"
399,94258,"No issue raised","2026-01-13 12:14:54","2026-01-13 12:14:54"
400,103762,"The was no issue raised,","2026-01-13 12:14:54","2026-01-13 12:14:54"
401,110098,"No issue raised.","2026-01-13 12:14:55","2026-01-13 12:14:55"
402,116434,"Officer to enforce with the officials.","2026-01-13 12:15:00","2026-01-13 12:15:00"
403,56425,"No issue raised.","2026-01-13 12:16:17","2026-01-13 12:16:17"
404,59593,"No issue raised","2026-01-13 12:17:31","2026-01-13 12:17:31"
405,116426,"Officer to assist","2026-01-13 12:19:24","2026-01-13 12:19:24"
406,65929,"Clearly explained and no issue came up.","2026-01-13 12:21:03","2026-01-13 12:21:03"
407,69097,"Concerned about the chattels fees.","2026-01-13 12:23:44","2026-01-13 12:23:44"
408,72265,None,"2026-01-13 12:25:26","2026-01-13 12:25:26"
409,75433,None,"2026-01-13 12:26:41","2026-01-13 12:26:41"
410,78601,None,"2026-01-13 12:28:06","2026-01-13 12:28:06"
411,81769,None,"2026-01-13 12:30:09","2026-01-13 12:30:09"
412,88105,"They appreciated the talk","2026-01-13 12:33:01","2026-01-13 12:33:01"
413,91273,"No issue raised","2026-01-13 12:34:32","2026-01-13 12:34:32"
414,94441,"No issue","2026-01-13 12:34:56","2026-01-13 12:34:56"
415,97609,None,"2026-01-13 12:35:49","2026-01-13 12:35:49"
416,100777,"No issue raised","2026-01-13 12:37:48","2026-01-13 12:37:48"
417,103945,None,"2026-01-13 12:39:27","2026-01-13 12:39:27"
418,107113,"No issue raised","2026-01-13 12:44:57","2026-01-13 12:44:57"
419,110281,None,"2026-01-13 12:47:45","2026-01-13 12:47:45"
420,116617,None,"2026-01-13 12:49:19","2026-01-13 12:49:19"
421,3673,"high interest","2026-01-13 12:53:19","2026-01-13 12:53:19"
422,6841,"will open welfare to continue saving","2026-01-13 12:54:53","2026-01-13 12:54:53"
423,57529,"securities Insufficient and loans being reduced","2026-01-13 13:01:06","2026-01-13 13:01:06"
424,105049,"pain point -dont see benefits as those affected weren't paid","2026-01-13 13:06:04","2026-01-13 13:06:04"
425,3148,"No issue raised","2026-01-13 13:06:50","2026-01-13 13:06:50"
426,2375,"No issue raised","2026-01-13 13:25:21","2026-01-13 13:25:21"
427,5543,"No issue raised","2026-01-13 13:28:02","2026-01-13 13:28:02"
428,8711,"How do we go about funding without savings","2026-01-13 13:30:45","2026-01-13 13:30:45"
429,60172,"Issue of shorter repayment period","2026-01-13 13:56:40","2026-01-13 13:56:40"
430,63340,"Issue of co-guarantee..but explained  and agreed to give individual securities","2026-01-13 13:58:31","2026-01-13 13:58:31"
431,12783,"Those without email address,how wil they be accessing the statements","2026-01-13 14:48:08","2026-01-13 14:48:08"
432,13677,"they didnt know why we were asking for the emails.now its clear","2026-01-13 17:18:26","2026-01-13 17:18:26"
433,58029,"why we are asking for chief stamp","2026-01-13 17:24:55","2026-01-13 17:24:55"
434,2991,"No issue","2026-01-13 17:30:14","2026-01-13 17:30:14"
435,6159,"No issue","2026-01-13 17:32:49","2026-01-13 17:32:49"
436,9327,"No issues raised","2026-01-13 17:35:24","2026-01-13 17:35:24"
437,12495,"No issues","2026-01-13 17:36:37","2026-01-13 17:36:37"
438,15663,"No issues raised","2026-01-13 17:40:15","2026-01-13 17:40:15"
439,34671,"Members were excited about the new opportunities","2026-01-13 17:57:16","2026-01-13 17:57:16"
440,37839,"Members were concerned about the loan completion time","2026-01-13 17:58:53","2026-01-13 17:58:53"
441,41007,"No issues came up","2026-01-13 17:59:39","2026-01-13 17:59:39"
442,79023,"Members wanted to know how then they are going to be getting loans without savings.","2026-01-13 18:13:45","2026-01-13 18:13:45"
443,107535,"Members were happy to note that the hosi cash deductions has stopped","2026-01-13 18:18:04","2026-01-13 18:18:04"
444,2549,"No issue","2026-01-13 19:02:15","2026-01-13 19:02:15"
445,5717,None,"2026-01-13 19:04:13","2026-01-13 19:04:13"
446,8885,"No issue raised","2026-01-13 19:06:36","2026-01-13 19:06:36"
447,12053,None,"2026-01-13 19:16:15","2026-01-13 19:16:15"
448,15221,"No issue raised","2026-01-13 19:18:00","2026-01-13 19:18:00"
449,34229,None,"2026-01-13 19:20:48","2026-01-13 19:20:48"
450,37397,None,"2026-01-13 19:22:41","2026-01-13 19:22:41"
451,40565,"No issue raised.","2026-01-13 19:23:28","2026-01-13 19:23:28"
452,43733,None,"2026-01-13 19:24:29","2026-01-13 19:24:29"
453,46901,"No issue raised","2026-01-13 19:27:44","2026-01-13 19:27:44"
454,50069,None,"2026-01-13 19:28:36","2026-01-13 19:28:36"
455,53237,None,"2026-01-13 19:31:20","2026-01-13 19:31:20"
456,56405,None,"2026-01-13 19:32:40","2026-01-13 19:32:40"
457,59573,None,"2026-01-13 19:34:28","2026-01-13 19:34:28"
458,62741,None,"2026-01-13 19:36:20","2026-01-13 19:36:20"
459,65909,None,"2026-01-13 19:37:25","2026-01-13 19:37:25"
460,69077,"No issue raised","2026-01-13 19:39:33","2026-01-13 19:39:33"
461,72245,None,"2026-01-13 19:40:49","2026-01-13 19:40:49"
462,75413,None,"2026-01-13 19:42:04","2026-01-13 19:42:04"
463,78581,"Dividend issue","2026-01-13 19:43:18","2026-01-13 19:43:18"
464,81749,None,"2026-01-13 19:44:21","2026-01-13 19:44:21"
465,84917,None,"2026-01-13 19:45:47","2026-01-13 19:45:47"
466,88085,None,"2026-01-13 19:46:46","2026-01-13 19:46:46"
467,91253,"No issue raised","2026-01-13 19:48:43","2026-01-13 19:48:43"
468,94421,None,"2026-01-13 19:49:55","2026-01-13 19:49:55"
469,97589,None,"2026-01-13 19:50:32","2026-01-13 19:50:32"
470,100757,"No issue raised.","2026-01-13 19:51:56","2026-01-13 19:51:56"
471,107093,None,"2026-01-13 19:55:01","2026-01-13 19:55:01"
472,110261,None,"2026-01-13 19:55:44","2026-01-13 19:55:44"
473,113429,None,"2026-01-13 19:56:19","2026-01-13 19:56:19"
474,116597,None,"2026-01-13 19:57:20","2026-01-13 19:57:20"
475,11879,"How we they fund a new client because it puts them at a risk of loss","2026-01-14 06:41:46","2026-01-14 06:41:46"
476,15047,"What was the use of the emails","2026-01-14 06:43:42","2026-01-14 06:43:42"
477,34055,"The clients wanted to know their balances","2026-01-14 06:45:35","2026-01-14 06:45:35"
478,37223,"Can they skip a month without paying","2026-01-14 06:46:45","2026-01-14 06:46:45"
479,40391,"No issue raised","2026-01-14 06:48:25","2026-01-14 06:48:25"
480,43559,"Will waivers be done on top-ups","2026-01-14 06:50:10","2026-01-14 06:50:10"
481,46727,"Now that there are no savings can members recover from a guarantor.","2026-01-14 06:52:11","2026-01-14 06:52:11"
482,49895,"No issue raised","2026-01-14 06:53:03","2026-01-14 06:53:03"
483,53063,"Loan balances against savings used and savings for those without loans","2026-01-14 06:54:45","2026-01-14 06:54:45"
484,9,"Fear of recruiting in new members","2026-01-14 06:54:48","2026-01-14 06:54:48"
485,56231,"No issue raised","2026-01-14 06:58:22","2026-01-14 06:58:22"
486,59399,"How do they recover their money in case of default","2026-01-14 07:00:41","2026-01-14 07:00:41"
487,12681,"they hasd not given the E-mail adresses","2026-01-14 07:00:53","2026-01-14 07:00:53"
488,62567,"They fear opening an account with a bank may tempt them to borrow from there","2026-01-14 07:02:16","2026-01-14 07:02:16"
489,65735,"What role will the group have in determining graduation.","2026-01-14 07:04:01","2026-01-14 07:04:01"
490,34857,"have members that had mind set of prepayment","2026-01-14 07:04:08","2026-01-14 07:04:08"
491,68903,"No issue raised","2026-01-14 07:05:27","2026-01-14 07:05:27"
492,72071,"Will the officer assist in monitoring?","2026-01-14 07:06:47","2026-01-14 07:06:47"
493,75239,"No issue raised","2026-01-14 07:07:36","2026-01-14 07:07:36"
494,78407,"No issue raised","2026-01-14 07:08:43","2026-01-14 07:08:43"
495,81575,"No issue raised","2026-01-14 07:09:51","2026-01-14 07:09:51"
496,84743,"No issue raised","2026-01-14 07:10:27","2026-01-14 07:10:27"
497,57033,"Client having lack of sufficient securities and have ability to pay.","2026-01-14 07:10:43","2026-01-14 07:10:43"
498,87911,"No issue raised","2026-01-14 07:12:40","2026-01-14 07:12:40"
499,91079,"No issue raised","2026-01-14 07:14:29","2026-01-14 07:14:29"
500,94247,"No issue raised","2026-01-14 07:15:37","2026-01-14 07:15:37"
501,97415,"Ideas for diversifying sources of income","2026-01-14 07:17:07","2026-01-14 07:17:07"
502,100583,"Emergency loans and multiple funding","2026-01-14 07:19:08","2026-01-14 07:19:08"
503,103751,"No issue raised","2026-01-14 07:20:09","2026-01-14 07:20:09"
504,106919,"The Hosi-cash was expensive","2026-01-14 07:22:08","2026-01-14 07:22:08"
505,110087,"No issue raised","2026-01-14 07:23:06","2026-01-14 07:23:06"
506,104553,"complains on the deduction done and it being mandatory.","2026-01-14 07:23:26","2026-01-14 07:23:26"
507,113255,"High interests, Hosi-cash and issue of external guarantor","2026-01-14 07:24:07","2026-01-14 07:24:07"
508,5720,None,"2026-01-14 07:55:46","2026-01-14 07:55:46"
509,8888,None,"2026-01-14 07:57:32","2026-01-14 07:57:32"
510,12056,None,"2026-01-14 07:58:59","2026-01-14 07:58:59"
511,15224,"No issue was raised.","2026-01-14 08:07:12","2026-01-14 08:07:12"
512,34232,None,"2026-01-14 08:09:09","2026-01-14 08:09:09"
513,37400,"No issue raised","2026-01-14 08:10:35","2026-01-14 08:10:35"
514,40568,None,"2026-01-14 08:11:21","2026-01-14 08:11:21"
515,43736,"No issue raised","2026-01-14 08:12:06","2026-01-14 08:12:06"
516,46904,None,"2026-01-14 08:12:42","2026-01-14 08:12:42"
517,50072,None,"2026-01-14 08:13:24","2026-01-14 08:13:24"
518,116423,"No issue raised","2026-01-14 08:15:02","2026-01-14 08:15:02"
519,53240,None,"2026-01-14 08:15:26","2026-01-14 08:15:26"
520,56408,None,"2026-01-14 08:16:20","2026-01-14 08:16:20"
521,59576,None,"2026-01-14 08:17:50","2026-01-14 08:17:50"
522,62744,None,"2026-01-14 08:19:26","2026-01-14 08:19:26"
523,65912,"No issue raised","2026-01-14 08:20:39","2026-01-14 08:20:39"
524,69080,None,"2026-01-14 08:22:10","2026-01-14 08:22:10"
525,72248,None,"2026-01-14 08:48:20","2026-01-14 08:48:20"
526,75416,None,"2026-01-14 08:49:40","2026-01-14 08:49:40"
527,78584,None,"2026-01-14 08:51:34","2026-01-14 08:51:34"
528,81752,"No issue raised","2026-01-14 08:53:47","2026-01-14 08:53:47"
529,84920,None,"2026-01-14 08:55:07","2026-01-14 08:55:07"
530,88088,None,"2026-01-14 08:56:11","2026-01-14 08:56:11"
531,91256,None,"2026-01-14 08:59:31","2026-01-14 08:59:31"
532,94424,"No issue raised","2026-01-14 09:01:19","2026-01-14 09:01:19"
533,97592,None,"2026-01-14 09:02:43","2026-01-14 09:02:43"
534,100760,None,"2026-01-14 09:05:56","2026-01-14 09:05:56"
535,103928,None,"2026-01-14 09:07:21","2026-01-14 09:07:21"
536,107096,None,"2026-01-14 09:10:14","2026-01-14 09:10:14"
537,110264,None,"2026-01-14 09:10:43","2026-01-14 09:10:43"
538,113432,None,"2026-01-14 09:11:09","2026-01-14 09:11:09"
539,116600,None.,"2026-01-14 09:12:07","2026-01-14 09:12:07"
540,2398,"No issue raised","2026-01-14 09:45:03","2026-01-14 09:45:03"
541,5566,"No issue raised","2026-01-14 09:47:00","2026-01-14 09:47:00"
542,8734,"Will that affect terms of funding","2026-01-14 09:49:36","2026-01-14 09:49:36"
543,11902,"Does funding now stop","2026-01-14 09:51:40","2026-01-14 09:51:40"
544,15070,"Purpose of the emails requested","2026-01-14 09:53:25","2026-01-14 09:53:25"
545,34078,"How to determine amount to fund now that there are no savings","2026-01-14 09:55:03","2026-01-14 09:55:03"
546,37246,"What period did repayment reduce with","2026-01-14 09:57:01","2026-01-14 09:57:01"
547,40414,"To what extent can the be pushed to enforce repayment","2026-01-14 10:01:39","2026-01-14 10:01:39"
548,43582,"No issue raised","2026-01-14 10:14:22","2026-01-14 10:14:22"
549,46750,"Can repossession be done to a guarantor","2026-01-14 10:17:34","2026-01-14 10:17:34"
550,49918,"No issue raised","2026-01-14 10:18:49","2026-01-14 10:18:49"
551,53086,"Clients loans balances for loans and savings","2026-01-14 10:20:20","2026-01-14 10:20:20"
552,56254,"How will you determine how much to fund a client","2026-01-14 10:22:34","2026-01-14 10:22:34"
553,59422,"From who will repossession happen first, group members or the specific member","2026-01-14 10:24:57","2026-01-14 10:24:57"
554,62590,"No issue raised","2026-01-14 10:26:09","2026-01-14 10:26:09"
555,65758,"What's the role of the members in determining the amount to graduate a member with.","2026-01-14 10:28:43","2026-01-14 10:28:43"
556,68926,"No issue raised","2026-01-14 10:31:27","2026-01-14 10:31:27"
557,72094,"How will the officer assist","2026-01-14 10:32:31","2026-01-14 10:32:31"
558,75262,"No issue raised","2026-01-14 10:33:32","2026-01-14 10:33:32"
559,78430,"Will there be funding without savings","2026-01-14 10:36:47","2026-01-14 10:36:47"
560,81598,"No issue raised","2026-01-14 10:38:31","2026-01-14 10:38:31"
561,84766,"No issue raised","2026-01-14 10:40:09","2026-01-14 10:40:09"
562,87934,"Continuous financial literacy","2026-01-14 10:42:10","2026-01-14 10:42:10"
563,91102,"No issue raised","2026-01-14 10:43:58","2026-01-14 10:43:58"
564,94270,"No issue raised","2026-01-14 10:45:38","2026-01-14 10:45:38"
565,97438,"Share some ideas for smaller sources of income","2026-01-14 10:47:55","2026-01-14 10:47:55"
566,100606,"No issues raised","2026-01-14 10:49:54","2026-01-14 10:49:54"
567,103774,"No issue raised","2026-01-14 10:52:14","2026-01-14 10:52:14"
568,106942,"The Hosi-cash was not beneficial","2026-01-14 10:54:40","2026-01-14 10:54:40"
569,110110,"No issue raised","2026-01-14 10:55:49","2026-01-14 10:55:49"
570,113278,"High interests, Hosi-cash, chief's role on loans","2026-01-14 10:56:41","2026-01-14 10:56:41"
571,1569,"Want to intake members positively listed with crb","2026-01-14 16:46:43","2026-01-14 16:46:43"
572,4737,"Wanted to have dividends back","2026-01-14 16:47:47","2026-01-14 16:47:47"
573,3210,"Intrest rate of the loans","2026-01-14 17:26:17","2026-01-14 17:26:17"
574,76074,"Interest on our loans is quite high","2026-01-14 18:03:50","2026-01-14 18:03:50"
575,104586,"-top -up of the amount when one has more than four siblings andage limit for the insured.","2026-01-14 18:11:49","2026-01-14 18:11:49"
576,16,"ready to add new  members to the group","2026-01-14 18:16:44","2026-01-14 18:16:44"
577,3184,"interest on ridder loans especially education loan","2026-01-14 18:18:00","2026-01-14 18:18:00"
578,31696,"Majority were saving to have them as a retirement package","2026-01-14 18:23:09","2026-01-14 18:23:09"
579,66544,"Clients that have big loan tickets  and have no tangible securities.","2026-01-14 18:32:32","2026-01-14 18:32:32"
580,72880,"Requested for the yearly training , T-shirts as form of reward and calendars","2026-01-14 18:35:06","2026-01-14 18:35:06"
581,104560,"complained on the deduction of hosi cash","2026-01-14 18:43:58","2026-01-14 18:43:58"
582,2559,None,"2026-01-14 19:29:33","2026-01-14 19:29:33"
583,5727,"No issue raised","2026-01-14 19:32:33","2026-01-14 19:32:33"
584,8895,None,"2026-01-14 19:33:53","2026-01-14 19:33:53"
585,12063,"No issue raised","2026-01-14 19:35:05","2026-01-14 19:35:05"
586,15231,"No issue raised.","2026-01-14 19:36:38","2026-01-14 19:36:38"
587,34239,None,"2026-01-14 19:39:15","2026-01-14 19:39:15"
588,37407,None,"2026-01-14 19:41:27","2026-01-14 19:41:27"
589,40575,None,"2026-01-14 19:42:11","2026-01-14 19:42:11"
590,43743,None,"2026-01-14 19:43:07","2026-01-14 19:43:07"
591,46911,None,"2026-01-14 19:43:50","2026-01-14 19:43:50"
592,50079,None,"2026-01-14 19:44:46","2026-01-14 19:44:46"
593,53247,None,"2026-01-14 19:46:22","2026-01-14 19:46:22"
594,56415,"No issue raised.","2026-01-14 19:47:55","2026-01-14 19:47:55"
595,59583,"Fear of spouses when members pledge their chattels.","2026-01-14 19:49:28","2026-01-14 19:49:28"
596,62751,None,"2026-01-14 19:50:16","2026-01-14 19:50:16"
597,65919,None,"2026-01-14 19:50:56","2026-01-14 19:50:56"
598,69087,None,"2026-01-14 21:30:34","2026-01-14 21:30:34"
599,72255,None,"2026-01-14 21:31:25","2026-01-14 21:31:25"
600,75423,None,"2026-01-14 21:32:09","2026-01-14 21:32:09"
601,78591,None,"2026-01-14 21:33:13","2026-01-14 21:33:13"
602,81759,None,"2026-01-14 21:33:58","2026-01-14 21:33:58"
603,84927,None,"2026-01-14 21:34:31","2026-01-14 21:34:31"
604,88095,None,"2026-01-14 21:35:02","2026-01-14 21:35:02"
605,91263,"No issue was raised","2026-01-14 21:35:41","2026-01-14 21:35:41"
606,94431,None,"2026-01-14 21:37:14","2026-01-14 21:37:14"
607,97599,None,"2026-01-14 21:38:12","2026-01-14 21:38:12"
608,100767,None,"2026-01-14 21:39:08","2026-01-14 21:39:08"
609,103935,None,"2026-01-14 21:41:12","2026-01-14 21:41:12"
610,107103,None,"2026-01-14 21:42:42","2026-01-14 21:42:42"
611,110271,None,"2026-01-14 21:43:15","2026-01-14 21:43:15"
612,113439,None,"2026-01-14 21:43:38","2026-01-14 21:43:38"
613,116607,None,"2026-01-14 21:44:51","2026-01-14 21:44:51"
614,3117,"No issue raised","2026-01-15 10:57:12","2026-01-15 10:57:12"
615,15321,"Issue of members with mo email address  came up","2026-01-15 16:13:59","2026-01-15 16:13:59"
616,47001,"Calls back from office to the defaulter and she refuses to agree","2026-01-15 16:22:18","2026-01-15 16:22:18"
617,37500,"Prepayments  and requesting  to be given time","2026-01-15 17:03:59","2026-01-15 17:03:59"
618,2411,"No issue raised","2026-01-16 06:34:05","2026-01-16 06:34:05"
619,5579,"No issue raised","2026-01-16 06:35:54","2026-01-16 06:35:54"
620,8747,"No issue raised","2026-01-16 06:38:46","2026-01-16 06:38:46"
621,11915,"What mechanism have you brought for continuous saving","2026-01-16 06:41:37","2026-01-16 06:41:37"
622,15083,"Was that why emails were requested for","2026-01-16 06:43:25","2026-01-16 06:43:25"
623,34091,"Loans and savings balances","2026-01-16 06:45:10","2026-01-16 06:45:10"
624,37259,"Going without paying to equalize net off","2026-01-16 06:46:42","2026-01-16 06:46:42"
625,40427,"The role of chief during default","2026-01-16 06:49:00","2026-01-16 06:49:00"
626,43595,"How about top-ups","2026-01-16 06:50:05","2026-01-16 06:50:05"
627,46763,"No issue raised","2026-01-16 06:52:26","2026-01-16 06:52:26"
628,49931,"No issue raised","2026-01-16 06:53:26","2026-01-16 06:53:26"
629,53099,"How about those without a loan","2026-01-16 06:54:54","2026-01-16 06:54:54"
630,56267,"No issue raised","2026-01-16 07:31:43","2026-01-16 07:31:43"
631,59435,"To who do we go first after default","2026-01-16 07:33:28","2026-01-16 07:33:28"
632,62603,"The issue of keeping the money in a line registered by one of them","2026-01-16 07:34:39","2026-01-16 07:34:39"
633,65771,"A client has no securities but has been paying well","2026-01-16 07:36:26","2026-01-16 07:36:26"
634,68939,"No issue raised","2026-01-16 07:38:30","2026-01-16 07:38:30"
635,72107,"The officer to assist","2026-01-16 07:39:10","2026-01-16 07:39:10"
636,75275,"No issue raised","2026-01-16 07:40:30","2026-01-16 07:40:30"
637,78443,"No issue raised","2026-01-16 07:41:17","2026-01-16 07:41:17"
638,81611,"No issue raised","2026-01-16 08:16:00","2026-01-16 08:16:00"
639,84779,"No issue raised","2026-01-16 08:18:39","2026-01-16 08:18:39"
640,87947,"No issue raised","2026-01-16 08:22:19","2026-01-16 08:22:19"
641,91115,"No issue raised","2026-01-16 08:33:17","2026-01-16 08:33:17"
642,94283,"Officer to assist in trainings","2026-01-16 08:37:19","2026-01-16 08:37:19"
643,97451,"suggestions for such ideas","2026-01-16 08:40:41","2026-01-16 08:40:41"
644,2541,None,"2026-01-16 09:02:28","2026-01-16 09:02:28"
645,5709,"No issue raised","2026-01-16 09:07:00","2026-01-16 09:07:00"
646,8877,"No issue.","2026-01-16 09:08:40","2026-01-16 09:08:40"
647,12045,"No issue raised","2026-01-16 09:10:03","2026-01-16 09:10:03"
648,100619,"No issue raised","2026-01-16 09:10:10","2026-01-16 09:10:10"
649,15213,None,"2026-01-16 09:10:57","2026-01-16 09:10:57"
650,103787,"No issue raised","2026-01-16 09:12:01","2026-01-16 09:12:01"
651,106955,"Hosi-cash was expensive","2026-01-16 09:14:31","2026-01-16 09:14:31"
652,37389,None,"2026-01-16 09:14:45","2026-01-16 09:14:45"
653,40557,None,"2026-01-16 09:15:28","2026-01-16 09:15:28"
654,110123,"No issue raised","2026-01-16 09:15:59","2026-01-16 09:15:59"
655,43725,None,"2026-01-16 09:16:16","2026-01-16 09:16:16"
656,46893,None,"2026-01-16 09:16:52","2026-01-16 09:16:52"
657,113291,"Chief's approval causing extra charges, high interests, short repayment period","2026-01-16 09:17:03","2026-01-16 09:17:03"
658,50061,None,"2026-01-16 09:17:38","2026-01-16 09:17:38"
659,53229,None,"2026-01-16 09:19:15","2026-01-16 09:19:15"
660,56397,"No issue raised","2026-01-16 09:19:47","2026-01-16 09:19:47"
661,59565,"No issue raised.","2026-01-16 09:21:07","2026-01-16 09:21:07"
662,62733,None.,"2026-01-16 09:22:54","2026-01-16 09:22:54"
663,65901,None,"2026-01-16 09:23:33","2026-01-16 09:23:33"
664,69069,None,"2026-01-16 09:25:28","2026-01-16 09:25:28"
665,72237,None,"2026-01-16 09:26:50","2026-01-16 09:26:50"
666,75405,None,"2026-01-16 09:27:37","2026-01-16 09:27:37"
667,78573,None,"2026-01-16 09:28:20","2026-01-16 09:28:20"
668,81741,None,"2026-01-16 20:04:30","2026-01-16 20:04:30"
669,84909,None,"2026-01-16 20:05:02","2026-01-16 20:05:02"
670,88077,None,"2026-01-16 20:05:41","2026-01-16 20:05:41"
671,91245,"No issue raised","2026-01-16 20:06:22","2026-01-16 20:06:22"
672,94413,None,"2026-01-16 20:07:10","2026-01-16 20:07:10"
673,97581,None,"2026-01-16 20:08:01","2026-01-16 20:08:01"
674,100749,None,"2026-01-16 20:09:20","2026-01-16 20:09:20"
675,103917,None,"2026-01-16 20:32:39","2026-01-16 20:32:39"
676,107085,None,"2026-01-16 20:34:08","2026-01-16 20:34:08"
677,110253,None,"2026-01-16 20:34:51","2026-01-16 20:34:51"
678,113421,None,"2026-01-16 20:35:14","2026-01-16 20:35:14"
679,116589,None,"2026-01-16 20:37:11","2026-01-16 20:37:11"
680,116459,"The officer to assist","2026-01-17 11:20:33","2026-01-17 11:20:33"
